Persona_Cluster,PC1,PC2,PC3,PC4
0,-0.8541608587212741,0.06207877205269916,-0.010456919782099967,0.0011099740520464734
1,1.8404676798904582,-0.13376165906422402,0.022531614149323007,-0.0023916705471225728
