Persona_Cluster,PC1,PC2,PC3,PC4
0,-0.7443724994159971,-0.7838110498100775,-0.2664115275567048,0.732745954138155
1,-0.9474585035466939,0.49741444659872885,-0.235633608717792,-0.3337307830741366
2,0.1785491476734474,-0.6712899249977033,1.0475006984555635,-0.15255640623699243
3,1.6827467644447691,0.9093861774054102,0.14345777840080504,0.5144620676214922
4,2.268363563392295,-1.1634198808714584,-0.6174605568597944,-0.40525075668644134
