Feature,MeanAbsSHAP,Rank
Contract,0.07940445963380821,1
tenure,0.04967783760284662,2
OnlineSecurity,0.03817451689933901,3
TechSupport,0.033999657721105414,4
TotalCharges,0.032556031500944105,5
InternetService,0.027484287818140194,6
MonthlyCharges,0.02527610383533696,7
OnlineBackup,0.01837927744416101,8
AvgMonthlyCharge,0.015404915414585335,9
PaymentMethod,0.015063528838003258,10
