,PC1,PC2,PC3,PC4
Cost_Pressure,0.5606444755437202,-0.14803599090555436,-0.6393680021160137,-0.5049472005161477
Commitment,0.5039670777163784,-0.5628162360569289,0.0567392282694002,0.652714125007356
Service_Quality,0.5475051325397049,0.13796492227191456,0.7387734668258499,-0.3679912699770194
Lifestyle_Bundle,0.3632259440940324,0.8014292919839071,-0.20543364515016638,0.42845655663962934
