,Cost_Pressure,Commitment,Service_Quality,Lifestyle_Bundle
Cost_Pressure,1.0,0.5505048164560316,0.43856979710437294,0.3135737381421238
Commitment,0.5505048164560316,1.0,0.45080788018962115,0.03347997106398616
Service_Quality,0.43856979710437294,0.45080788018962115,1.0,0.39529317104257533
Lifestyle_Bundle,0.3135737381421238,0.03347997106398616,0.39529317104257533,1.0
